{
  "_generated": "Generated by SweetTooth, do not edit",
  "description": "Add rounded corners to all windows. Fork of the now unmaintained Rounded Window Corners extension.",
  "gettext-domain": "rounded-window-corners@fxgn",
  "name": "Rounded Window Corners Reborn",
  "settings-schema": "org.gnome.shell.extensions.rounded-window-corners-reborn",
  "shell-version": [
    "46",
    "47",
    "48"
  ],
  "url": "https://github.com/flexagoon/rounded-window-corners",
  "uuid": "rounded-window-corners@fxgn",
  "version": 12
}