{
  "_generated": "Generated by SweetTooth, do not edit",
  "description": "Tiling and window manager for GNOME\n\nPlease report bugs/issues on https://github.com/forge-ext/forge/issues",
  "gettext-domain": "forge",
  "name": "Forge",
  "session-modes": [
    "unlock-dialog",
    "user"
  ],
  "settings-schema": "org.gnome.shell.extensions.forge",
  "shell-version": [
    "45",
    "46",
    "47"
  ],
  "url": "https://github.com/forge-ext/forge",
  "uuid": "forge@jmmaranan.com",
  "version": 84
}