<schemalist gettext-domain="gnome-shell-extensions">
  <enum id="org.gnome.shell.extensions.unite.windowStates">
    <value value="0" nick="never" />
    <value value="1" nick="tiled" />
    <value value="2" nick="maximized" />
    <value value="3" nick="both" />
    <value value="4" nick="always" />
  </enum>

  <enum id="org.gnome.shell.extensions.unite.notificationsPosition">
    <value value="0" nick="center" />
    <value value="1" nick="left" />
    <value value="2" nick="right" />
  </enum>

  <enum id="org.gnome.shell.extensions.unite.hideActivitiesButton">
    <value value="0" nick="never" />
    <value value="1" nick="auto" />
    <value value="2" nick="always" />
  </enum>

  <enum id="org.gnome.shell.extensions.unite.buttonsPlacement">
    <value value="0" nick="auto" />
    <value value="1" nick="left" />
    <value value="2" nick="right" />
    <value value="3" nick="first" />
    <value value="4" nick="last" />
  </enum>

  <enum id="org.gnome.shell.extensions.unite.ellipsizeMode">
    <value value="0" nick="start" />
    <value value="1" nick="middle" />
    <value value="2" nick="end" />
  </enum>

  <schema id="org.gnome.shell.extensions.unite" path="/org/gnome/shell/extensions/unite/">
    <key name="extend-left-box" type="b">
      <default>true</default>
      <summary>Extend top bar left box.</summary>
    </key>

    <key name="show-legacy-tray" type="b">
      <default>true</default>
      <summary>Legacy tray icons in top bar.</summary>
    </key>

    <key name="greyscale-tray-icons" type="b">
      <default>false</default>
      <summary>Convert legacy tray icons to greyscale.</summary>
    </key>

    <key name="autofocus-windows" type="b">
      <default>true</default>
      <summary>Autofocus windows that demand attention.</summary>
    </key>

    <key name="show-appmenu-button" type="b">
      <default>true</default>
      <summary>Show appmenu in top bar.</summary>
    </key>

    <key name="use-activities-text" type="b">
      <default>true</default>
      <summary>Use text in activities button.</summary>
    </key>

    <key name="show-desktop-name" type="b">
      <default>true</default>
      <summary>Show desktop name in top bar.</summary>
    </key>

    <key name="desktop-name-text" type="s">
      <default>"GNOME Desktop"</default>
      <summary>Set the top bar desktop name text.</summary>
    </key>

    <key name="enable-titlebar-actions" type="b">
      <default>true</default>
      <summary>Enable window titlebar actions on top bar click.</summary>
    </key>

    <key name="restrict-to-primary-screen" type="b">
      <default>true</default>
      <summary>Restrict functionalities to the primary screen.</summary>
    </key>

    <key name="hide-app-menu-icon" type="b">
      <default>true</default>
      <summary>Hide app menu application icon.</summary>
    </key>

    <key name="app-menu-max-width" type="i">
      <default>0</default>
      <summary>Limit the width of the app menu. 0 means no limit.</summary>
    </key>

    <key name="app-menu-ellipsize-mode" enum="org.gnome.shell.extensions.unite.ellipsizeMode">
      <default>"end"</default>
      <summary>The place where characters will be omitted when the max width of the app menu is reached.</summary>
    </key>

    <key name="reduce-panel-spacing" type="b">
      <default>true</default>
      <summary>Reduce top bar items spacing.</summary>
    </key>

    <key name="window-buttons-placement" enum="org.gnome.shell.extensions.unite.buttonsPlacement">
      <default>"auto"</default>
      <summary>Top bar window buttons position.</summary>
    </key>

    <key name="show-window-title" enum="org.gnome.shell.extensions.unite.windowStates">
      <default>"maximized"</default>
      <summary>Use window title to replace the app-menu label.</summary>
    </key>

    <key name="show-window-buttons" enum="org.gnome.shell.extensions.unite.windowStates">
      <default>"maximized"</default>
      <summary>Active window bottons in top bar.</summary>
    </key>

    <key name="window-buttons-theme" type="s">
      <default>"default"</default>
      <summary>Top bar window buttons theme.</summary>
    </key>

    <key name="hide-window-titlebars" enum="org.gnome.shell.extensions.unite.windowStates">
      <default>"maximized"</default>
      <summary>Select windows state to hide titlebars.</summary>
    </key>

    <key name="notifications-position" enum="org.gnome.shell.extensions.unite.notificationsPosition">
      <default>"right"</default>
      <summary>Select notification messages position.</summary>
    </key>

    <key name="hide-activities-button" enum="org.gnome.shell.extensions.unite.hideActivitiesButton">
      <default>"auto"</default>
      <summary>Hide top bar activities button.</summary>
    </key>
  </schema>
</schemalist>
